depmap_id,cell_line_display_name,lineage_1,lineage_2,lineage_3,lineage_6,lineage_4,PARP1,BRCA1,BRCA2,TP53,BRIP1
ACH-002320,600MPE,Breast,Invasive Breast Carcinoma,"Breast Invasive Carcinoma, NOS",,,-0.07333031999680001,-0.041018593983400006,0.0330996685543,-0.38547493303400004,0.213388872978
ACH-000283,A1207,CNS/Brain,Diffuse Glioma,Glioblastoma,,,0.313283155226,-0.11933351931700001,-0.47449540852899996,0.493285091791,0.0669381619236
ACH-000248,AU565,Breast,Invasive Breast Carcinoma,Invasive Breast Carcinoma,HER2+,,-0.279313398302,0.077032111738,-0.291944391824,-0.0761198029673,-0.0204790117398
ACH-000160,BT12,CNS/Brain,Embryonal Tumor,Atypical Teratoid/Rhabdoid Tumor,,,-0.111969482794,-0.17519037118500003,-0.125074177524,0.39014416563500004,-0.207967391624
ACH-001020,BT16,CNS/Brain,Embryonal Tumor,Atypical Teratoid/Rhabdoid Tumor,,,0.0476467536,-0.298520794664,-0.20926396049,0.671407798031,0.040375197400099996
ACH-000536,BT20,Breast,Invasive Breast Carcinoma,Breast Invasive Ductal Carcinoma,Basal A TNBC,,-0.27326500523499997,-0.251254609518,-0.232093580477,-0.22583389366099998,0.043326940227399996
ACH-000927,BT474,Breast,Invasive Breast Carcinoma,Breast Invasive Ductal Carcinoma,"ER+, PR+, HER2+",,0.00218382135689,-0.137635981577,-0.0737529297615,-0.0716686971043,-0.0381510968204
ACH-000818,BT483,Breast,Invasive Breast Carcinoma,Breast Invasive Ductal Carcinoma,"luminal ER+, PR+, HER2+",,0.13479407724,-0.600163956954,-0.496710604318,0.16982020513,0.08573684666480001
ACH-000288,BT549,Breast,Invasive Breast Carcinoma,"Breast Invasive Carcinoma, NOS",Basal B TNBC,,-0.034982316813699996,0.000133569245237,-0.0947694059742,-0.184964857421,-0.10429817614800001
ACH-000212,CAL120,Breast,Invasive Breast Carcinoma,Invasive Breast Carcinoma,Basal B TNBC,,0.0577306318613,-0.287381547432,-0.307320427477,-0.40537942864,-0.229235679034
ACH-000902,CAL148,Breast,Invasive Breast Carcinoma,Breast Invasive Ductal Carcinoma,luminal HER2+,,-0.006053046573020001,-0.220676830909,-0.0101262047322,0.159854391974,0.07561021720380001
ACH-000856,CAL51,Breast,Invasive Breast Carcinoma,Invasive Breast Carcinoma,Basal B TNBC,,0.0677434616602,-0.0933348684894,-0.292922326854,-0.00844804404439,0.032369816700800004
ACH-000857,CAL851,Breast,Invasive Breast Carcinoma,Breast Invasive Ductal Carcinoma,basal TNBC,,0.11282443046900001,-0.48505657586999995,-0.210899094032,-0.15075369176,0.0975471911525
ACH-000783,CAMA1,Breast,Invasive Breast Carcinoma,Breast Invasive Lobular Carcinoma,"luminal ER+, PR+, HER2+",,-0.0481845119403,-0.029145912906299996,-0.024627126540599995,-0.256738584001,0.0387300203482
ACH-000025,CH157MN,CNS/Brain,Meningothelial Tumor,Meningioma,,,0.172201854285,-0.244269107463,-0.295901196441,0.18139418030999999,0.0935727053304
ACH-001041,CHL1DM,Skin,Melanoma,Melanoma,,,-0.0489854713136,-0.317183561673,-0.152309806395,-0.372303668328,0.162698973859
ACH-001048,COV504,Ovary/Fallopian Tube,Ovarian Epithelial Tumor,Serous Ovarian Cancer,,,0.0191374275261,-0.266819764723,-0.108072312761,-0.400856436137,-0.0301260580192
ACH-001052,D384,CNS/Brain,Embryonal Tumor,Medulloblastoma,MYC Amplified,,-0.206244212489,-0.117287453365,-0.37535002911700005,0.667382447882,-0.130197824185
ACH-001053,D425,CNS/Brain,Embryonal Tumor,Medulloblastoma,MYC Amplified,,-0.10060596490700001,0.054225187834700005,-0.419530067228,0.483159814256,-0.152400321338
ACH-001054,D458,CNS/Brain,Embryonal Tumor,Medulloblastoma,MYC Amplified,,-0.154670206897,-0.107398187522,-0.42828708444700003,0.178440555852,-0.0262619533197
ACH-001055,D556,CNS/Brain,Embryonal Tumor,Medulloblastoma,,,-0.186950643766,0.0978315145802,-0.30236280092900003,0.128251337184,-0.192197352957
ACH-000258,DU4475,Breast,Invasive Breast Carcinoma,Invasive Breast Carcinoma,luminal TNBC,,0.185215961433,-0.169448591945,-0.117100799137,0.460635962895,0.157854540483
ACH-000330,EFM19,Breast,Invasive Breast Carcinoma,Breast Invasive Ductal Carcinoma,"luminal ER+, PR+, HER2+",,-0.0786532780254,-0.284995672789,-0.320011914788,-0.249084410409,-0.00435171540972
ACH-000117,EFM192A,Breast,Invasive Breast Carcinoma,Invasive Breast Carcinoma,HER2+,,-0.0551599014454,-0.35119777002999997,-0.425907624123,-0.281083112365,-0.14120703004899998
ACH-000633,FU97,Esophagus/Stomach,Esophagogastric Adenocarcinoma,Diffuse Type Stomach Adenocarcinoma,,,-0.331321554665,-0.260765588855,-0.52326171301,-0.10936214732999999,-0.27586301382899997
ACH-000574,FUOV1,Ovary/Fallopian Tube,Ovarian Epithelial Tumor,High-Grade Serous Ovarian Cancer,,,-0.048118789349800004,-0.516316548213,-0.131315506649,-0.147803958925,-0.0361076962899
ACH-001514,HCC1008,Breast,Invasive Breast Carcinoma,Breast Invasive Ductal Carcinoma,HER2+,,0.0595528976897,0.015247764259799998,-0.08156628808489999,-0.007658235052060001,-0.144307772488
ACH-000374,HCC1143,Breast,Invasive Breast Carcinoma,Breast Invasive Ductal Carcinoma,Basal A TNBC,,-0.142744573314,0.08343114742980001,-0.0911571375447,-0.7500033857800001,-0.00337867586787
ACH-000111,HCC1187,Breast,Invasive Breast Carcinoma,Breast Invasive Ductal Carcinoma,Basal A TNBC,,-0.0728855438276,-0.48394834865599995,-0.0632936157914,-0.371345840476,0.06332006316859999
ACH-000699,HCC1395,Breast,Invasive Breast Carcinoma,Breast Invasive Ductal Carcinoma,Basal B TNBC,,0.123045676985,-0.0296363444937,-0.30315944456,-0.144453130465,-0.150027501546
ACH-000277,HCC1419,Breast,Invasive Breast Carcinoma,Breast Invasive Ductal Carcinoma,HER2+,,0.013195086984000001,-0.215692754756,-0.00928707215629,-0.14213952230000002,-0.25077046575999995
ACH-000352,HCC1428,Breast,Invasive Breast Carcinoma,Invasive Breast Carcinoma,"luminal ER, PR+",,0.0364205024147,-0.309049521802,-0.298859368505,-0.158268942555,0.133145152076
ACH-000349,HCC1500,Breast,Breast Ductal Carcinoma In Situ,Breast Ductal Carcinoma In Situ,"luminal ER, PR+",,-0.201137657592,-0.422747553111,-0.543619975039,-0.027583259829000003,-0.10819656692099999
ACH-000930,HCC1569,Breast,Invasive Breast Carcinoma,Breast Invasive Ductal Carcinoma,Basal A HER2+,,-0.20088031388799998,-0.190890674452,-0.24554004656800002,0.31477123658000006,-0.12386694387700001
ACH-000196,HCC1599,Breast,Invasive Breast Carcinoma,Breast Invasive Ductal Carcinoma,Basal A TNBC,,-0.10887838927200001,0.028861761167200004,-0.47550324357699997,0.20605549610999999,-0.160294520801
ACH-000624,HCC1806,Breast,Breast Ductal Carcinoma In Situ,Breast Ductal Carcinoma In Situ,Basal A TNBC,,-0.08642978264119999,-0.7251526391859999,-0.106459961986,-0.19250103697299997,-0.00114009043255
ACH-000223,HCC1937,Breast,Invasive Breast Carcinoma,Breast Invasive Ductal Carcinoma,Basal A TNBC,,-0.20851913723499998,-0.133527631681,-0.21499072915999998,-0.143072379728,0.0671701085154
ACH-000859,HCC1954,Breast,Breast Ductal Carcinoma In Situ,Breast Ductal Carcinoma In Situ,Basal A HER2+,,-0.000762013695609,0.015504477882100002,-0.0652532152129,-0.126486091973,0.00675610475162
ACH-000725,HCC202,Breast,Breast Ductal Carcinoma In Situ,Breast Ductal Carcinoma In Situ,HER2+,,-0.09488802164830001,-0.699951441734,-0.306701102874,-0.21826119452799997,-0.0281248972492
ACH-000755,HCC2218,Breast,Breast Ductal Carcinoma In Situ,Breast Ductal Carcinoma In Situ,HER2+,,0.0901622280438,-0.475180574626,-0.44366135082099994,0.40963703308300004,0.0815967907535
ACH-002324,HCC3153,Breast,Invasive Breast Carcinoma,Breast Invasive Ductal Carcinoma,TNBC,,-0.0245398890725,-0.23955662691500001,-0.557663896592,-0.30356560946600003,0.10197276676599999
ACH-000276,HCC38,Breast,Invasive Breast Carcinoma,Breast Invasive Ductal Carcinoma,Basal A TNBC,,-0.197675550926,-0.298646020556,-0.285276942916,-0.273680942526,-0.177880346709
ACH-000668,HCC70,Breast,Invasive Breast Carcinoma,Breast Invasive Ductal Carcinoma,Basal A TNBC,,-0.00202692562127,0.0365311570958,-0.132014210171,-0.146393420049,0.0584983843226
ACH-000643,HDQP1,Breast,Invasive Breast Carcinoma,Breast Invasive Ductal Carcinoma,Basal A TNBC,,-0.07994692931389999,-0.0909894999316,0.0967940178975,-0.00537976514992,0.0251717871007
ACH-000542,HEYA8,Ovary/Fallopian Tube,Ovarian Epithelial Tumor,High-Grade Serous Ovarian Cancer,,,-0.0562709881269,-0.15804852707699998,-0.216172039273,0.557012689463,0.0618856388201
ACH-000721,HMC18,Breast,Invasive Breast Carcinoma,Breast Invasive Ductal Carcinoma,Basal B TNBC,,-0.0030837288708000002,-0.14827629317500002,-0.0140915465151,-0.14489824450799998,0.022301336774400004
ACH-000148,HS578T,Breast,Invasive Breast Carcinoma,"Breast Invasive Carcinoma, NOS",Basal B TNBC,,0.11704315520099999,-0.0917079723043,-0.196650478919,-0.24095910026599998,-0.0510429228047
ACH-000966,IGROV1,Ovary/Fallopian Tube,Ovarian Epithelial Tumor,Endometrioid Ovarian Cancer,,,0.148602195769,-0.549320858034,0.0203478944525,0.8544855003020001,0.11432135973200001
ACH-000629,IOMMLEE,CNS/Brain,Meningothelial Tumor,Meningioma,,,-0.179223894591,-0.0362635569436,-0.23657524390299997,0.148545231141,-0.176296381932
ACH-000216,JHESOAD1,Esophagus/Stomach,Esophagogastric Adenocarcinoma,Esophageal Adenocarcinoma,,,-0.0140854332636,0.11348485559299999,-0.294596453851,0.0967962758952,0.0695029140285
ACH-000711,JIMT1,Breast,Invasive Breast Carcinoma,Breast Invasive Ductal Carcinoma,Basal A HER2+,,0.0323022942963,-0.30609113520500003,-0.32863353945,-0.163398209638,-0.000911617920911
ACH-000404,K029AX,Skin,Melanoma,Cutaneous Melanoma,,,0.063012656323,-0.45530709593099994,-0.2321352976,0.485532189898,0.0779954777125
ACH-000028,KPL1,Breast,Invasive Breast Carcinoma,Invasive Breast Carcinoma,ER+,,0.0446861515931,-0.360009961901,-0.21214181042999997,0.612428105054,0.117249138777
ACH-000328,LN215,CNS/Brain,Diffuse Glioma,Glioblastoma,,,0.197428332159,-0.08920587784140001,-0.460139603562,-0.115300523344,-0.117114526205
ACH-000591,LN235,CNS/Brain,Diffuse Glioma,Astrocytoma,,,-0.20015720457199998,-0.25630519087299997,-0.425610224052,0.28602648169100003,0.041304004403800006
ACH-000128,LN319,CNS/Brain,Diffuse Glioma,Astrocytoma,,,-0.295226974998,0.031726409001199996,0.161127481566,0.326119111694,0.11511576052400001
ACH-000634,LN340,CNS/Brain,Diffuse Glioma,Glioblastoma,,,0.0827973814499,-0.0539962844456,0.0831639358567,-0.09566128976389998,0.049186414056199994
ACH-000215,LN382,CNS/Brain,Diffuse Glioma,Glioblastoma,,,-0.13024182108500001,-0.23297987770999998,-0.253968598577,-0.14224979215,-0.0810681002678
ACH-000455,LN428,CNS/Brain,Diffuse Glioma,Glioblastoma,,,0.21884858353599998,-0.054767629259800006,-0.0605620212243,-0.164540728915,-0.0830342611147
ACH-000673,LN443,CNS/Brain,Diffuse Glioma,Glioblastoma,,,0.336518554677,-0.2497769707,-0.179102072713,-0.10177510573,-0.194209984518
ACH-000676,LN464,Skin,Melanoma,Melanoma,,,-0.177692232817,-0.277878942438,0.0849250423184,0.005441144358439999,0.085332753607
ACH-000760,LNZ308,CNS/Brain,Diffuse Glioma,Glioblastoma,,,-0.217053338599,-0.11638180775000001,0.00929853960001,0.149589439653,0.0382199134183
ACH-000750,LOXIMVI,Skin,Melanoma,Melanoma,,,-0.0648980581335,-0.331876007229,-0.18768243507500001,0.24616615734900002,0.0041797029205400005
ACH-000044,MDAMB134VI,Breast,Invasive Breast Carcinoma,Breast Invasive Lobular Carcinoma,luminal ER+,,-0.443624686755,-0.192479973376,-0.621833761482,-0.148377192889,0.193273083116
ACH-000621,MDAMB157,Breast,Invasive Breast Carcinoma,Breast Invasive Ductal Carcinoma,Basal B TNBC,,0.08020584555369999,-0.0293739921775,-0.47599877201000007,-0.801752956522,-0.025526893928799997
ACH-000759,MDAMB175VII,Breast,Invasive Breast Carcinoma,Breast Invasive Ductal Carcinoma,"ER+, PR+, HER2+",,0.0557390511391,-0.189796366716,-0.15354374196599999,0.134145224426,-0.196029287885
ACH-000768,MDAMB231,Breast,Invasive Breast Carcinoma,Invasive Breast Carcinoma,Basal B TNBC,,0.0038037529142899997,-0.349096201713,-0.07697575200960001,-0.20771442857900002,-0.068059942204
ACH-001358,MDAMB330,Breast,Invasive Breast Carcinoma,Breast Invasive Lobular Carcinoma,HER2 Amp,,0.0662433786093,-0.6166808840670001,-0.204479824386,-0.35434486551,-0.144123444517
ACH-000934,MDAMB361,Breast,Invasive Breast Carcinoma,Invasive Breast Carcinoma,"luminal ER+, HER2+",,-0.011476777152200001,-0.20523858410300003,-0.223789046971,0.0171436101018,-0.0829184462663
ACH-000876,MDAMB415,Breast,Invasive Breast Carcinoma,Invasive Breast Carcinoma,"luminal ER+, HER2+",,-0.0785127659178,-0.210656187219,-0.45688424571599995,-0.416463435719,-0.177689199008
ACH-000573,MDAMB436,Breast,Invasive Breast Carcinoma,"Breast Invasive Carcinoma, NOS",Basal B TNBC,,-0.16466764055400002,0.0021524622486999998,-0.157482567908,-0.198389021076,0.006477150397439999
ACH-000910,MDAMB453,Breast,Invasive Breast Carcinoma,Invasive Breast Carcinoma,HER2+,,0.0205453076997,-0.275333314811,-0.139776440577,-0.16926678237,-0.06743260902010001
ACH-000849,MDAMB468,Breast,Invasive Breast Carcinoma,Invasive Breast Carcinoma,Basal A TNBC,,0.014218281619599999,-0.187630283314,-0.304250032335,-0.179757653619,0.0321291456765
ACH-001819,MFM223,Breast,Invasive Breast Carcinoma,Breast Invasive Ductal Carcinoma,"luminal ER, PR+",,0.07541075952580001,-0.014313914005,-0.36716093093099994,0.119965935453,-0.052697451205900005
ACH-001122,MKL1,Skin,Merkel Cell Carcinoma,Merkel Cell Carcinoma,,,-0.131191306663,0.0150369521533,-0.308130802044,0.011885934798,-0.00972294086365
ACH-001123,MKL2,Skin,Merkel Cell Carcinoma,Merkel Cell Carcinoma,,,-0.0843176256862,-0.167307427603,-0.385151086044,-0.21270208091099999,-0.0799846975161
ACH-002179,OCUBM,Breast,Invasive Breast Carcinoma,Invasive Breast Carcinoma,,,0.168695626611,-0.28031970332,-0.887714239738,-0.07031570362,-0.016877872157299998
ACH-000247,OCUM1,Esophagus/Stomach,Esophagogastric Adenocarcinoma,Diffuse Type Stomach Adenocarcinoma,,,0.012796263596000002,-0.13159387679,0.038520845839699995,0.621387947866,0.313182759995
ACH-000544,OE21,Esophagus/Stomach,Esophageal Squamous Cell Carcinoma,Esophageal Squamous Cell Carcinoma,,,-0.00308210842041,-0.0590217008848,-0.09747031595889999,-0.25066633358600005,-0.08588318041899999
ACH-000494,OELE,Ovary/Fallopian Tube,Non-Cancerous,Immortalized Ovarian Cells,,,-0.16763723694,-0.22423955852,0.212323433074,-0.14502824482899998,-0.023139582001400004
ACH-000617,OVCAR4,Ovary/Fallopian Tube,Ovarian Epithelial Tumor,High-Grade Serous Ovarian Cancer,,,-0.120149458936,-0.007252263843489999,0.131209670066,-0.18694434059300002,0.145705872928
ACH-000696,OVCAR8,Ovary/Fallopian Tube,Ovarian Epithelial Tumor,High-Grade Serous Ovarian Cancer,,,-0.106950287577,-0.770237364698,-0.193024101728,-0.134934574494,0.063933121383
ACH-000409,OVSAHO,Ovary/Fallopian Tube,Ovarian Epithelial Tumor,High-Grade Serous Ovarian Cancer,,,,,0.028853870943400004,-0.314358393184,-0.123880891604
ACH-001170,PETA,Skin,Merkel Cell Carcinoma,Merkel Cell Carcinoma,,,0.00727327285821,-0.256348022332,-0.38484002441799997,0.0193204478333,0.020255503798
ACH-000887,SF172,CNS/Brain,Diffuse Glioma,Glioblastoma,,,0.0408263230711,0.0201774417223,-0.060735987554000004,-0.12760470942500002,0.00819849442258
ACH-000655,SF268,CNS/Brain,Diffuse Glioma,Astrocytoma,,,0.00200862502783,-0.42107165747599995,-0.038543758174800005,-0.28409781285700003,0.050622538972399996
ACH-000017,SKBR3,Breast,Invasive Breast Carcinoma,Invasive Breast Carcinoma,HER2+,,-0.34363423478,-0.254156877319,0.041123836341199996,-0.0733117108432,0.218622130757
ACH-002329,SKBR5,Breast,"Breast Neoplasm, NOS","Breast Neoplasm, NOS",,,-0.544661758518,-0.114327630043,-0.696824318825,0.0942385568858,-0.295823345966
ACH-002330,SKBR7,Breast,"Breast Neoplasm, NOS","Breast Neoplasm, NOS",,,0.00790914869243,-0.16738043941,0.0168296436262,0.282637947557,0.010321605108299998
ACH-001198,SNB19,CNS/Brain,Diffuse Glioma,Astrocytoma,,,0.09076022860649999,-0.26038608880999997,-0.189582502201,-0.268518519649,-0.0393579104162
ACH-000807,SNU738,CNS/Brain,Diffuse Glioma,Oligodendroglioma,,,0.43270668727,-0.19283300054400002,-0.490079494045,-0.852575276038,-0.144985270208
ACH-000460,SNU8,Ovary/Fallopian Tube,Ovarian Epithelial Tumor,Serous Ovarian Cancer,,,-0.0829282191882,-0.238773929934,-0.384590808533,-0.41434889705,-0.13240184624
ACH-001388,SUM102PT,Breast,Invasive Breast Carcinoma,Breast Invasive Ductal Carcinoma,TNBC,,-0.125019098981,-0.106526115274,0.030699927371799995,-0.161549764018,-0.27067956437
ACH-001389,SUM1315MO2,Breast,Invasive Breast Carcinoma,Breast Invasive Ductal Carcinoma,TNBC,,0.0412616627625,-0.229587342458,-0.105317956711,-0.168792101954,-0.0148858272545
ACH-001390,SUM149PT,Breast,Invasive Breast Carcinoma,Breast Invasive Ductal Carcinoma,Basal B TNBC,,0.022283545139700003,-0.11900447835999999,-0.126686094991,-0.10157379735099999,0.0455394126183
ACH-001391,SUM159PT,Breast,Invasive Breast Carcinoma,Invasive Breast Carcinoma,Basal B TNBC,,-0.102558131442,-0.0935431797515,0.0755147049961,0.0173951485072,0.112525654941
ACH-001392,SUM185PE,Breast,Invasive Breast Carcinoma,Invasive Breast Carcinoma,luminal TNBC,,-0.11162782099000002,-0.12984206795,-0.24321200979200003,-0.20933248325599998,-0.136046675726
ACH-001393,SUM190PT,Breast,Invasive Breast Carcinoma,Invasive Breast Carcinoma,Basal A HER2+,,-0.596351423306,-0.0219447769074,-0.307536654127,0.144829838664,-0.0724755173979
ACH-001397,SUM225CWN,Breast,Invasive Breast Carcinoma,"Breast Invasive Cancer, NOS",basal HER2+,,-0.34869540609800004,-0.024632170361900005,-0.26788313562,0.142339632379,-0.18478389794599998
ACH-001394,SUM229PE,Breast,Invasive Breast Carcinoma,Invasive Breast Carcinoma,basal TNBC,,0.093811500782,-0.10566389521299999,-0.23283457149,-0.174338798922,0.221582392982
ACH-001395,SUM44PE,Breast,Invasive Breast Carcinoma,Breast Invasive Lobular Carcinoma,luminal ER+,,-0.10237401247099999,-0.186929740038,-0.442627261951,-0.141604812387,-0.236645727533
ACH-001396,SUM52PE,Breast,Invasive Breast Carcinoma,Invasive Breast Carcinoma,luminal TNBC,,-0.14470310394000002,0.0186049765353,-0.0811284857822,-0.153501266312,-0.0200197113938
ACH-001201,SUMB002,CNS/Brain,Embryonal Tumor,Medulloblastoma,,,-0.307418453142,-0.0299470508168,-0.09484574350860002,-0.00132905444492,-0.264955835881
ACH-000147,T47D,Breast,Invasive Breast Carcinoma,Breast Invasive Ductal Carcinoma,"luminal ER, PR+",,-0.19335889338399997,-0.263695773199,-0.16025939636800002,0.17911542638,-0.163851002847
ACH-000208,U178,CNS/Brain,Diffuse Glioma,Astrocytoma,,,-0.43937178547899997,-0.102724177785,0.07447358874210001,-0.422091982161,-0.305522613872
ACH-000036,U343,CNS/Brain,Diffuse Glioma,Glioblastoma,,,0.346921011032,0.198621733513,-0.474193569305,0.283990291037,0.11792924358899999
ACH-000425,UACC62,Skin,Melanoma,Melanoma,,,-0.19568447074099998,-0.463381540081,-0.5822351349539999,1.50062486401,0.471693970656
ACH-000568,UACC812,Breast,Invasive Breast Carcinoma,Breast Invasive Lobular Carcinoma,"luminal ER+, PR+, HER2+",,-0.0646011417224,-0.288182003147,-0.332101957914,-0.080127902263,0.00387425298396
ACH-000554,UACC893,Breast,Invasive Breast Carcinoma,Breast Invasive Lobular Carcinoma,HER2+,,0.11215907142100001,-0.22179870922800002,-0.507744878888,0.021232782746700003,-0.0680836730586
ACH-000661,WM1799,Skin,Melanoma,Melanoma,,,0.018453779084,-0.212806601115,-0.173280381576,0.8456569857449999,0.0441804685295
ACH-000827,WM793,Skin,Melanoma,Melanoma,,,0.0314341484822,-0.444000431919,-0.230847132264,0.552915836165,0.12248652251700001
ACH-000765,WM983B,Skin,Melanoma,Melanoma,,,0.0710657006302,-0.0159041829795,-0.233485511481,-0.138486065843,-0.128248560231
ACH-001249,YMB1,Breast,Invasive Breast Carcinoma,Breast Invasive Ductal Carcinoma,"luminal ER, PR+",,-0.030658586688799998,-0.08967626649520001,-0.44076975605499996,0.57446401406,-0.129513333026
ACH-000097,ZR751,Breast,Invasive Breast Carcinoma,Breast Invasive Ductal Carcinoma,"luminal ER, PR+",,-0.0297588388687,-0.0743739657493,-0.367551608987,0.148155129215,-0.06966997835639999
ACH-000828,ZR7530,Breast,Invasive Breast Carcinoma,Breast Invasive Lobular Carcinoma,"ER+, PR+, HER2+",,-0.0425110955552,-0.18401631464899998,-0.29939162626,0.16420554767999998,-0.100492859638
ACH-002331,ZR75B,Breast,Invasive Breast Carcinoma,"Breast Invasive Carcinoma, NOS",,,0.085924389341,-0.0528327357833,-0.470722470962,-0.084292702119,0.0481419387432
ACH-000368,SNU1105,CNS/Brain,Diffuse Glioma,Glioblastoma,,,0.11482168044800001,-0.109291902107,-0.09111122779539998,-0.05901049623580001,0.0312575990765
ACH-000466,SNU216,Esophagus/Stomach,Esophagogastric Adenocarcinoma,Tubular Stomach Adenocarcinoma,,,-0.024034774040799997,0.08422288790339999,0.027653109092700003,0.164858472749,0.007406858906810001
ACH-002321,HBL100,Breast,Non-Cancerous,Immortalized Breast Cells,,,0.0168961546198,0.0888012010278,-0.17550229151900001,-0.560746616892,0.042476141592800006
ACH-002326,MACLS2,Breast,Invasive Breast Carcinoma,Breast Invasive Ductal Carcinoma,,,-0.0277254857798,-0.0217873561075,-0.301257238679,0.153045220702,-0.235893100579
ACH-002328,MX1,Breast,"Breast Neoplasm, NOS","Breast Neoplasm, NOS",,,0.00224422697936,-0.151117040659,-0.843400586084,-0.0353932430991,0.0453393410535
ACH-000736,SNU601,Esophagus/Stomach,Esophagogastric Adenocarcinoma,Signet Ring Cell Carcinoma of the Stomach,,,-0.145395056543,-0.145088554527,-0.212480229644,-0.0636293778067,0.0631212812693
ACH-000256,COV318,Ovary/Fallopian Tube,Ovarian Epithelial Tumor,High-Grade Serous Ovarian Cancer,,,-0.109372144649,-0.18396861584399998,-0.140562685626,-0.49860134128,-0.518588326924
ACH-000608,COV644,Ovary/Fallopian Tube,Ovarian Epithelial Tumor,Mucinous Ovarian Cancer,,,-0.127952647984,-0.159424942711,-0.308270180159,-0.214424772764,-0.27685336553
ACH-000123,COV434,Ovary/Fallopian Tube,Ovarian Epithelial Tumor,Small Cell Carcinoma of the Ovary,,,0.31490314726,-0.0938690308559,-0.052975996290499996,0.548672809295,0.100232933237
ACH-000278,COV362,Ovary/Fallopian Tube,Ovarian Epithelial Tumor,High-Grade Serous Ovarian Cancer,,,-0.10078430825200001,-0.26562287442,-0.41349971855499995,-0.109667498017,-0.0761465096001
ACH-000898,SNU719,Esophagus/Stomach,Esophagogastric Adenocarcinoma,Tubular Stomach Adenocarcinoma,,,-0.043157235016199995,-0.172010088402,-0.0952626362369,0.636931719659,0.0669215788612
ACH-000280,SNU840,Ovary/Fallopian Tube,Ovarian Epithelial Tumor,"Brenner Tumor, Malignant",,,0.117594014831,-0.0547790286378,-0.31577116609,0.5106466883030001,0.0355004626767
ACH-000704,OAW42,Ovary/Fallopian Tube,Ovarian Epithelial Tumor,Serous Ovarian Cancer,,,-0.024085413022400002,-0.138369933746,-0.0355503611556,0.280224392928,-0.0362453661556
ACH-001000,1321N1,CNS/Brain,Diffuse Glioma,Astrocytoma,,,0.010110432321200001,-0.027641342650799997,-0.2546890752,0.09722643532410001,0.0297317106129
ACH-000582,COLO741,Skin,Melanoma,Melanoma,,,0.0263616529592,-0.255755333347,-0.156675966562,-0.19968640735999998,0.176352453856
ACH-000657,A2780,Ovary/Fallopian Tube,Ovarian Epithelial Tumor,Endometrioid Ovarian Cancer,,,0.0111456898259,-0.0151047960564,-0.28767647205200003,0.199400944232,0.0573294036606
ACH-000847,HGC27,Esophagus/Stomach,Esophagogastric Adenocarcinoma,Stomach Adenocarcinoma,,,-0.08635704505460001,-0.08267658693239999,-0.496012549154,-0.492788246579,-0.12923300935
ACH-000688,OV7,Ovary/Fallopian Tube,Ovarian Epithelial Tumor,Mixed Ovarian Carcinoma,,,0.24419684732900002,-0.09398084598660002,-0.476457408527,-0.0562169005,-0.16333961635299998
ACH-000614,RVH421,Skin,Melanoma,Melanoma,,,-0.0596801770278,-0.182850071107,-0.19310224339899998,2.00597803948,0.0175392241666
ACH-000810,SKMEL30,Skin,Melanoma,Cutaneous Melanoma,,,0.124869448685,0.10344891546599999,-0.155839802424,-0.217604473758,-0.132620616321
ACH-000717,COLO680N,Esophagus/Stomach,Esophageal Squamous Cell Carcinoma,Esophageal Squamous Cell Carcinoma,,,-0.08544546876,0.0181169390274,-0.200453809477,-0.17853920661400002,0.049744409265400004
ACH-000936,EFO27,Ovary/Fallopian Tube,Ovarian Epithelial Tumor,Mucinous Ovarian Cancer,,,-0.14559297019,0.18372442550299997,-0.144471865783,-0.11242762017300001,-0.199429895497
ACH-000948,2313287,Esophagus/Stomach,Esophagogastric Adenocarcinoma,Stomach Adenocarcinoma,,,-0.0810594497102,-0.133930283016,-0.358401955447,0.103668514615,7.14284695477e-05
ACH-000308,EFO21,Ovary/Fallopian Tube,Ovarian Epithelial Tumor,Serous Ovarian Cancer,,,-0.115141808713,-0.208955737868,-0.28046549592500003,0.09573292215660001,0.106923993225
ACH-000882,IGR1,Skin,Melanoma,Melanoma,,,-0.027882885749,-0.23119214661899998,-0.34253911406800003,0.41177062455799995,-0.0160425062326
ACH-000650,IGR37,Skin,Melanoma,Melanoma,,,-0.034404076139800004,-0.0292310410641,-0.0870290315178,-0.176927970103,0.159852631766
ACH-000550,IGR39,Skin,Melanoma,Melanoma,,,0.198341276095,0.00913936986566,-0.274538862735,-0.366074982429,-0.188523526673
ACH-000098,GAMG,CNS/Brain,Diffuse Glioma,Glioblastoma,,,0.07650286747610001,-0.124875515265,0.0003635778963,-0.193841835783,-0.240827785608
ACH-000915,IPC298,Skin,Melanoma,Cutaneous Melanoma,,,0.015693825247,-0.15060149619899998,-0.083387287347,-0.158308038104,-0.213153191916
ACH-000812,COLO783,Skin,Melanoma,Melanoma,,,-0.0671805060504,-0.20965200275899998,-0.17949812069,0.11847425131200001,-0.101088291776
ACH-000805,COLO679,Skin,Melanoma,Cutaneous Melanoma,,,-0.00433203303495,-0.225620479886,-0.130275988137,0.778884178838,0.158264801427
ACH-000244,DKMG,CNS/Brain,Diffuse Glioma,Glioblastoma,,,0.094290776325,-0.206726503569,0.0431221616782,0.969123618618,-0.421382648403
ACH-000823,KYSE140,Esophagus/Stomach,Esophageal Squamous Cell Carcinoma,Esophageal Squamous Cell Carcinoma,,,-0.0539018431746,0.0147673042851,-0.0645376745266,-0.281300259837,0.024545436092699997
ACH-000777,KYSE30,Esophagus/Stomach,Esophageal Squamous Cell Carcinoma,Esophageal Squamous Cell Carcinoma,,,-0.091155698959,-0.0969980839291,-0.07929347129660001,-0.130237044312,0.0273970434307
ACH-000784,KYSE70,Esophagus/Stomach,Esophageal Squamous Cell Carcinoma,Esophageal Squamous Cell Carcinoma,,,0.0576487969333,-0.335567886942,-0.19870252474300001,-0.0858599696617,-0.0669875098671
ACH-000637,KYSE520,Esophagus/Stomach,Esophageal Squamous Cell Carcinoma,Esophageal Squamous Cell Carcinoma,,,-0.0635127702756,0.11040791896600001,-0.09636211673319998,-0.236047364139,0.11554646193700001
ACH-000824,KYSE510,Esophagus/Stomach,Esophageal Squamous Cell Carcinoma,Esophageal Squamous Cell Carcinoma,,,-0.0136556606327,0.100585865986,-0.278294349608,-0.24448781272,-0.016545659443200002
ACH-000855,KYSE150,Esophagus/Stomach,Esophageal Squamous Cell Carcinoma,Esophageal Squamous Cell Carcinoma,,,-0.0387128352525,-0.25891989105700003,-0.34227962532899997,-0.211036718409,0.08066684263889999
ACH-000693,KYSE180,Esophagus/Stomach,Esophageal Squamous Cell Carcinoma,Esophageal Squamous Cell Carcinoma,,,-0.015342597671299998,0.029689769871600002,-0.192689018996,-0.20498650530200002,0.00470778788858
ACH-000809,KYSE410,Esophagus/Stomach,Esophageal Squamous Cell Carcinoma,Esophageal Squamous Cell Carcinoma,,,-0.11074952846899999,-0.00746694945783,-0.138051244564,-0.103617629693,0.0533676170135
ACH-000865,KYSE450,Esophagus/Stomach,Esophageal Squamous Cell Carcinoma,Esophageal Squamous Cell Carcinoma,,,0.024531103990099997,0.10687810851,0.0042680996685799995,-0.19726512892,-0.00291564725902
ACH-000450,MELHO,Skin,Melanoma,Melanoma,,,-0.22634595801100002,-0.44048825459200003,-0.109059506327,0.894289295881,-0.114833649709
ACH-000881,MELJUSO,Skin,Melanoma,Cutaneous Melanoma,,,-0.006431309533199999,-0.262041130164,-0.185195445163,0.426899570446,0.10474924734999999
ACH-001065,EVSAT,Breast,Invasive Breast Carcinoma,Breast Invasive Lobular Carcinoma,PR+,,0.0890412029332,-0.300360173267,-0.667478932671,0.09725153191089998,-0.79569537639
ACH-000376,SF295,CNS/Brain,Diffuse Glioma,Glioblastoma,,,0.037448737480300004,0.0662507552585,-0.232696170823,-0.41979741000200005,-0.011185666736700002
ACH-001357,MCF10A,Breast,Non-Cancerous,Immortalized Breast Cells,,,0.100398604915,-0.0580958775581,0.26444792239799997,0.211999175085,0.30903565905200003
ACH-000788,A2058,Skin,Melanoma,Melanoma,,,-0.024198842541400003,-0.457098534735,-0.339279293737,-0.181211645394,0.127182532958
ACH-000885,TOV21G,Ovary/Fallopian Tube,Ovarian Epithelial Tumor,Clear Cell Ovarian Cancer,,,-0.145233881797,-0.238173456281,-0.377754177786,0.5415054702009999,-0.0611377416113
ACH-000048,TOV112D,Ovary/Fallopian Tube,Ovarian Epithelial Tumor,Endometrioid Ovarian Cancer,,,-0.0802863120551,-0.140580668281,-0.250653282323,0.115384924956,-0.06023931046569999
ACH-000291,OV90,Ovary/Fallopian Tube,Ovarian Epithelial Tumor,Serous Ovarian Cancer,,,0.0389120160706,-0.35503788931,-0.24698321960099998,-0.24901501159699999,0.172276224185
ACH-000572,G361,Skin,Melanoma,Melanoma,,,-0.08761799098680001,-0.48629061518100003,-0.39731094738399997,1.2329373841,-0.061758739537699996
ACH-000580,C32,Skin,Melanoma,Melanoma,,,-0.009666373736030002,-0.298283381555,-0.359593044931,1.9312122720900002,-0.280855273643
ACH-000219,A375,Skin,Melanoma,Melanoma,,,0.047730583340499996,-0.166542966341,-0.210428349098,0.254831406396,0.169060015973
ACH-000558,A172,CNS/Brain,Diffuse Glioma,Glioblastoma,,,0.08507090412460001,-0.109065535594,-0.36648324226999995,0.570665690552,0.23002759526900002
ACH-000304,WM115,Skin,Melanoma,Melanoma,,,-0.0124695955819,-0.492188376403,-0.28019646583700003,1.31669503754,-0.00274134631621
ACH-001239,WM2664,Skin,Melanoma,Melanoma,,,0.0679670993949,-0.428367227315,-0.20283639739,0.670042573726,-0.0138271657093
ACH-000571,T98G,CNS/Brain,Diffuse Glioma,Glioblastoma,,,-0.15180532617200002,-0.043335777079,-0.0813908017258,0.236068911484,0.207257577546
ACH-000880,AGS,Esophagus/Stomach,Esophagogastric Adenocarcinoma,Stomach Adenocarcinoma,,,-0.023762816310400003,-0.257104823422,0.009565456442379999,0.21538648273400002,-0.0165021306512
ACH-000401,COLO800,Skin,Melanoma,Cutaneous Melanoma,,,0.00292078049361,-0.385833659457,-0.11819487121,-0.140247680358,-0.09728237630789999
ACH-000644,COLO829,Skin,Melanoma,Cutaneous Melanoma,,,-0.0378498855874,-0.335508269974,-0.190380532847,0.696472418655,0.014134840595599999
ACH-000906,ES2,Ovary/Fallopian Tube,Ovarian Epithelial Tumor,Clear Cell Ovarian Cancer,,,-0.104812329944,-0.11893831991699999,-0.077438142375,-0.326826068536,-0.132553273472
ACH-000863,DBTRG05MG,CNS/Brain,Diffuse Glioma,Glioblastoma,,,0.353022731236,-0.145143604661,-0.253255400736,0.435172575168,-0.043074053225
ACH-002322,HCC2185,Breast,Invasive Breast Carcinoma,Breast Invasive Lobular Carcinoma,TNBC,,-0.16866795966899997,-0.12839274777,-0.238498128604,-0.19016845767700002,0.236503547299
ACH-002323,HCC2688,Breast,Breast Ductal Carcinoma In Situ,Breast Ductal Carcinoma In Situ,,,-0.106076203935,-0.342662355808,-0.27229158723499997,-0.307246454289,-0.104972901815
ACH-000152,M059K,CNS/Brain,Diffuse Glioma,Glioblastoma,,,0.0170552014593,-0.639093264076,-0.247247016829,-0.028396632262300003,-0.22886063372200002
ACH-000819,LN18,CNS/Brain,Diffuse Glioma,Glioblastoma,,,-0.0595395942234,-0.162929287301,-0.282258072174,-0.12354613027200001,0.067874596026
ACH-000595,LN229,CNS/Brain,Diffuse Glioma,Glioblastoma,,,0.0975424953588,-0.478180969102,-0.247332903297,0.46143753357,0.00201342096792
ACH-002327,MCF12A,Breast,Non-Cancerous,Immortalized Breast Cells,,,-0.073539983081,-0.126822577696,-0.0760580551572,0.41350356357699997,0.0905905565449
ACH-000427,NCIN87,Esophagus/Stomach,Esophagogastric Adenocarcinoma,Tubular Stomach Adenocarcinoma,,,-0.0630297649147,0.0021994550309899995,-0.0720089981044,-0.168641995503,-0.157997437962
ACH-000932,SNU1,Esophagus/Stomach,Esophagogastric Adenocarcinoma,Stomach Adenocarcinoma,,,-0.265841640905,-0.22135749281999997,-0.304040048606,1.3323537621,0.34859754378300006
ACH-000303,SNU5,Esophagus/Stomach,Esophagogastric Adenocarcinoma,Stomach Adenocarcinoma,,,-0.208879786061,-0.036511734699699996,-0.16568632,-0.12027953094100001,0.13938802367699998
ACH-000274,HS852T,Skin,Melanoma,Melanoma,,,0.014671203965200002,-0.179984286725,-0.177387785492,1.0155563647399999,0.0636177777174
ACH-000441,SH4,Skin,Melanoma,Melanoma,,,0.151786101887,-0.29290455633,-0.24089348723999998,0.669298351854,0.00771418739693
ACH-000008,A101D,Skin,Melanoma,Melanoma,,,0.0558179640259,-0.314420386339,-0.0878573850696,0.713501617147,0.039591506969599996
ACH-000647,TE1,Esophagus/Stomach,Esophageal Squamous Cell Carcinoma,Esophageal Squamous Cell Carcinoma,,,-0.0482630649812,-0.08425671958889998,-0.257495895912,-0.191245667854,-0.11111535826199999
ACH-000814,HS939T,Skin,Melanoma,Melanoma,,,0.156807810436,-0.0531061848661,-0.300843178517,0.8722878611689999,0.155560006216
ACH-000632,HS944T,Skin,Melanoma,Cutaneous Melanoma,,,0.096019476735,-0.11481244456499999,-0.256736503169,0.220986883235,0.0374068228371
ACH-000437,SW1088,CNS/Brain,Diffuse Glioma,Astrocytoma,,,-0.37977547567599995,-0.197675113622,-0.358302382429,-0.610812016488,0.0281309110165
ACH-000793,KATOIII,Esophagus/Stomach,Esophagogastric Adenocarcinoma,Signet Ring Cell Carcinoma of the Stomach,,,-0.0690330398783,-0.0365305308804,-0.233581828841,-0.152513136642,0.021532906329399998
ACH-000884,MDAMB435S,Skin,Melanoma,Melanoma,,,0.123674932486,-0.253549923299,-0.14321795462099998,-0.0885013867748,-0.08307743752880001
ACH-000883,SW1783,CNS/Brain,Diffuse Glioma,Anaplastic Astrocytoma,,,-0.23303887749000002,-0.264871449704,-0.196549365876,-0.412504968197,-0.045927172330599994
ACH-000799,HS695T,Skin,Melanoma,Melanoma,,,-0.0606105437361,-0.281307146984,-0.5197761322600001,0.8255910811,
ACH-000067,HS683,CNS/Brain,Diffuse Glioma,Oligodendroglioma,,,-0.158467317555,-0.0417001707127,0.0498760337413,-0.20237358858399998,-0.28625622611900003
ACH-000075,U87MG,CNS/Brain,Diffuse Glioma,Glioblastoma,,,0.0206894086276,-0.243967759199,0.048497569041400006,0.332730568005,-0.055511482818
ACH-000014,HS294T,Skin,Melanoma,Melanoma,,,-0.11706359557,-0.280354386932,-0.258762941248,0.885620768653,-0.106109337142
ACH-000040,U118MG,CNS/Brain,Diffuse Glioma,Astrocytoma,,,-0.0263849020475,-0.136920062902,-0.24701187798000002,0.167400118365,-0.149211066065
ACH-000055,D283MED,CNS/Brain,Embryonal Tumor,Medulloblastoma,MYC Exp,,0.146210859507,-0.135195483828,-0.0125208429999,-0.103965200629,-0.0228838687692
ACH-000211,DAOY,CNS/Brain,Embryonal Tumor,Medulloblastoma,MYC No,,0.0359660084749,-0.20815062952500002,-0.200842953061,-0.0961540750787,0.021906921781599996
ACH-000095,D341MED,CNS/Brain,Embryonal Tumor,Medulloblastoma,MYC Amplified,,-0.170675210902,0.251014543174,-0.527819153809,0.143798335153,-0.27653430659600003
ACH-000019,MCF7,Breast,Invasive Breast Carcinoma,Invasive Breast Carcinoma,ER+,,-0.0770763866369,-0.346386973576,-0.329722586466,0.6971754568649999,0.0369488429104
ACH-000322,HT144,Skin,Melanoma,Melanoma,,,-0.06668427372539999,-0.267459019042,-0.136449540623,0.301003208552,-0.188101040811
ACH-000987,MEWO,Skin,Melanoma,Cutaneous Melanoma,,,0.0192146359619,0.084387636928,-0.0316926474164,-0.320313065759,-0.0410444678314
ACH-000348,RPMI7951,Skin,Melanoma,Melanoma,,,0.20887030773499998,-0.270626477523,-0.287701997662,-0.41591925079899994,-0.0748080915003
ACH-001190,SKMEL2,Skin,Melanoma,Melanoma,,,0.0391438149337,0.00929371525399,-0.13093965678400002,-0.187304830674,-0.09248316320769999
ACH-000423,SKMEL3,Skin,Melanoma,Cutaneous Melanoma,,,0.0878202963054,-0.32322561625199997,-0.31346056961999996,0.200487737447,0.00319816619905
ACH-000730,SKMEL5,Skin,Melanoma,Cutaneous Melanoma,,,0.0109533588071,-0.0928072284178,-0.25427841036800003,1.23741340725,-0.0318110238342
ACH-000001,NIHOVCAR3,Ovary/Fallopian Tube,Ovarian Epithelial Tumor,High-Grade Serous Ovarian Cancer,,,-0.00515863578218,-0.216965363779,-0.25004556894900004,-0.325380417525,0.0586860114241
ACH-000615,SKMEL28,Skin,Melanoma,Cutaneous Melanoma,,,-0.156468029038,-0.014604445956899999,-0.19200081021600002,-0.21794031676,-0.0505897792616
ACH-000713,CAOV3,Ovary/Fallopian Tube,Ovarian Epithelial Tumor,High-Grade Serous Ovarian Cancer,,,-0.0323066719451,-0.30784659050200003,-0.0744117208665,-0.212975836552,0.0107217391322
ACH-000103,CAOV4,Ovary/Fallopian Tube,Ovarian Epithelial Tumor,High-Grade Serous Ovarian Cancer,,,-0.0589595346283,-0.10187397174900001,-0.610079593846,-0.267065899694,0.13185821607200002
ACH-000811,SKOV3,Ovary/Fallopian Tube,Ovarian Epithelial Tumor,Serous Ovarian Cancer,,,-0.0165677964906,-0.238369431483,-0.36054425642,-0.07568490725970001,-0.16033910047
ACH-000464,CAS1,CNS/Brain,Diffuse Glioma,Glioblastoma,,,0.269706220352,0.0897456590957,0.029726826133099998,-0.7930295615090001,-0.36842219271
ACH-000962,OC314,Ovary/Fallopian Tube,Ovarian Epithelial Tumor,Serous Ovarian Cancer,,,-0.011537143802700002,-0.055690138941,0.033470400945200006,-0.0690181215742,0.153593345505
ACH-000609,SF126,CNS/Brain,Diffuse Glioma,Glioblastoma,,,-0.0930391146436,-0.0226442090429,-0.0107294372374,-0.400279465466,-0.0609280716697
ACH-000719,RMGI,Ovary/Fallopian Tube,Ovarian Epithelial Tumor,Clear Cell Ovarian Cancer,,,-0.125979302677,-0.267138753668,0.127246639411,0.805881838183,0.136699030634
ACH-000701,RMUGS,Ovary/Fallopian Tube,Ovarian Epithelial Tumor,Mucinous Ovarian Cancer,,,-0.057204183618999996,-0.038415186007300005,-0.027466104975999998,0.57999977599,-0.0153172865108
ACH-000622,KNS42,CNS/Brain,Diffuse Glioma,Glioblastoma,,,0.11627674433499999,-0.213994008436,-0.41012443784900005,-0.41810432232600003,0.127049943366
ACH-000445,KNS60,CNS/Brain,Diffuse Glioma,Glioblastoma,,,0.09967175418810001,-0.219009721196,-0.185549065306,-0.141249456535,0.0685685291488
ACH-000479,KNS81,CNS/Brain,Diffuse Glioma,Glioblastoma,,,0.12882612851,-0.106160826194,-0.325803262993,1.6341750529499999,-0.0395527067841
ACH-000231,KALS1,CNS/Brain,Diffuse Glioma,Glioblastoma,,,0.22778396863000003,-0.14578096486300002,0.044649030120199995,-0.29328702365,-0.0799813583616
ACH-000631,KS1,CNS/Brain,Diffuse Glioma,Glioblastoma,,,-0.0592768076664,-0.260571436218,-0.21712760263300002,1.2441620684,-0.022776009440299998
ACH-000738,GB1,CNS/Brain,Diffuse Glioma,Glioblastoma,,,0.00224451185939,0.0155909032651,-0.14103844352199998,-0.206688471326,-0.0608305807888
ACH-000269,AM38,CNS/Brain,Diffuse Glioma,Glioblastoma,,,-0.0771877193909,-0.268362634661,-0.18669446682,1.27946281581,-0.0647484713111
ACH-000524,KURAMOCHI,Ovary/Fallopian Tube,Ovarian Epithelial Tumor,High-Grade Serous Ovarian Cancer,,,-0.0833260933515,-0.17844382862,-0.194880005386,-0.194451241862,-0.10314304843000001
ACH-000430,TYKNU,Ovary/Fallopian Tube,Ovarian Epithelial Tumor,High-Grade Serous Ovarian Cancer,,,0.08797445137250001,-0.0231648169762,0.011010501445599999,-0.22004911379500003,-0.10606761397299999
ACH-000351,MKN1,Esophagus/Stomach,Esophagogastric Adenocarcinoma,Adenosquamous Carcinoma of the Stomach,,,-0.0146377732076,-0.138116918725,-0.08678568200810001,-0.17754722640700002,0.044573186486400004
ACH-000356,MKN45,Esophagus/Stomach,Esophagogastric Adenocarcinoma,Diffuse Type Stomach Adenocarcinoma,,,-0.00213880227109,-0.00344213157335,-0.0946666617557,0.27078196296100004,0.08413171874299999
ACH-000561,TDOTT,Esophagus/Stomach,Esophageal Squamous Cell Carcinoma,Esophageal Squamous Cell Carcinoma,,,-0.0629305851294,-0.377019921973,-0.331944969782,-0.0700205135377,-0.12021216981499999
ACH-000570,YKG1,CNS/Brain,Diffuse Glioma,Glioblastoma,,,0.251359372766,-0.0035193523863199998,-0.33586957784599997,0.13626004955,0.0927910309911
ACH-000911,NUGC3,Esophagus/Stomach,Esophagogastric Adenocarcinoma,Stomach Adenocarcinoma,,,0.017483393049000002,-0.114755406083,-0.121416136108,-0.220142629317,0.00830139488474
ACH-000527,OVISE,Ovary/Fallopian Tube,Ovarian Epithelial Tumor,Clear Cell Ovarian Cancer,,,-0.0269131162425,-0.17825171602499998,0.05671212816480001,0.21805203957699998,0.013860202703499998
ACH-000663,OVTOKO,Ovary/Fallopian Tube,Ovarian Epithelial Tumor,Clear Cell Ovarian Cancer,,,-0.45133581601800005,-0.0694585587447,-0.41796841782,2.3810939458099996,-0.163318250735
ACH-000919,IM95,Esophagus/Stomach,Esophagogastric Adenocarcinoma,Stomach Adenocarcinoma,,,-0.163908645497,-0.166190338433,-0.178499652275,0.520282207606,0.0908037433655
ACH-000232,U251MG,CNS/Brain,Diffuse Glioma,Astrocytoma,,,0.190853600312,-0.123937814852,-0.200282397386,-0.34780565520900003,-0.028283432870700002
ACH-000383,OE33,Esophagus/Stomach,Esophagogastric Adenocarcinoma,Esophageal Adenocarcinoma,,,-0.0974047660898,0.112768113031,-0.41174010913500003,-0.188325561741,0.135099970654
ACH-000756,GI1,CNS/Brain,Diffuse Glioma,Gliosarcoma,,,0.10341825477399999,-0.277957024842,-0.369410555483,-0.25783014705699997,-0.650164500178
ACH-000305,ECGI10,Esophagus/Stomach,Esophageal Squamous Cell Carcinoma,Esophageal Squamous Cell Carcinoma,,,-0.234431599991,0.103346557352,-0.475713253549,-0.371508730414,-0.0901382247338
ACH-000560,ECC10,Esophagus/Stomach,Esophagogastric Adenocarcinoma,Small Cell Carcinoma of the Stomach,,,-0.008074437426399999,-0.114996558048,-0.35749869496799996,-0.260384624558,0.00724326125747
ACH-000678,MKN7,Esophagus/Stomach,Esophagogastric Adenocarcinoma,Tubular Stomach Adenocarcinoma,,,-0.0469408931437,0.0166763573669,-0.0209928018084,-0.31291829767900003,-0.127817373505
ACH-000458,CJM,Skin,Melanoma,Melanoma,,,-0.0745918967502,0.022760502168099998,-0.159473485546,-0.324012245677,0.00756753132396
ACH-000255,LMSU,Esophagus/Stomach,Esophagogastric Adenocarcinoma,Stomach Adenocarcinoma,,,-0.17328539860599998,-0.35289379983400004,-0.2482997433,-0.13987242145,-0.048711190568199995
ACH-000239,HUG1N,Esophagus/Stomach,Esophagogastric Adenocarcinoma,Tubular Stomach Adenocarcinoma,,,-0.036737664259800004,0.101369891239,-0.517981094812,-0.47470723676700005,0.154805342298
ACH-000507,KE39,Esophagus/Stomach,Esophagogastric Adenocarcinoma,Stomach Adenocarcinoma,,,0.0096986987191,-0.32824444471700004,-0.203750744965,-0.11258456906,-0.021465198716599996
ACH-000324,JHOC5,Ovary/Fallopian Tube,Ovarian Epithelial Tumor,Clear Cell Ovarian Cancer,,,-0.08954576151249999,-0.18955617668299998,-0.456037849216,-0.0209510481967,0.165545839114
ACH-000132,JHOS2,Ovary/Fallopian Tube,Ovarian Epithelial Tumor,High-Grade Serous Ovarian Cancer,,,-0.062349577116999996,-0.797872793957,-0.198485843638,-0.0750359762588,0.009065812674100001
ACH-000237,JHOM1,Ovary/Fallopian Tube,Ovarian Epithelial Tumor,Mucinous Ovarian Cancer,,,0.037016331560999996,-0.314536087169,-0.22247221264699998,0.5854070984390001,-0.016561255071299998
ACH-000605,TE6,Esophagus/Stomach,Esophageal Squamous Cell Carcinoma,Esophageal Squamous Cell Carcinoma,,,-0.0517905479305,0.0145890239358,-0.11680839544600001,-0.12401999307299999,0.0644548765569
ACH-000353,TE15,Esophagus/Stomach,Esophageal Squamous Cell Carcinoma,Esophageal Squamous Cell Carcinoma,,,0.0624643628651,-0.239083010352,-0.083495482277,-0.045383639228099994,0.0974095235063
ACH-000694,TE9,Esophagus/Stomach,Esophageal Squamous Cell Carcinoma,Esophageal Squamous Cell Carcinoma,,,0.0118675273039,0.12499694459499999,-0.20306033001499998,-0.305102182977,-0.014867479049
ACH-000917,TE4,Esophagus/Stomach,Esophageal Squamous Cell Carcinoma,Esophageal Squamous Cell Carcinoma,,,-0.09168397666639999,-0.23547135719999998,-0.34933980421300004,-0.167277946542,-0.0507727840981
ACH-000452,TE8,Esophagus/Stomach,Esophageal Squamous Cell Carcinoma,Esophageal Squamous Cell Carcinoma,,,0.0879296017072,-0.155597018473,-0.27203019122,-0.48596035289399997,-0.00205488611189
ACH-000318,TE10,Esophagus/Stomach,Esophageal Squamous Cell Carcinoma,Esophageal Squamous Cell Carcinoma,,,-0.104867475101,-0.161785783428,-0.167405869088,-0.151327813379,-0.11048524486300002
ACH-000488,TE11,Esophagus/Stomach,Esophageal Squamous Cell Carcinoma,Esophageal Squamous Cell Carcinoma,,,-0.015885762366899998,-0.0167327278964,-0.0752167302457,-0.0973013583739,0.0333835874731
ACH-000726,TE14,Esophagus/Stomach,Esophageal Squamous Cell Carcinoma,Esophageal Squamous Cell Carcinoma,,,0.0436127579287,0.0363694318987,-0.0386806073698,-0.162253375645,0.110425740979
ACH-000110,NCCSTCK140,Esophagus/Stomach,Esophagogastric Adenocarcinoma,Stomach Adenocarcinoma,,,-0.215373780417,-0.24121454789299998,-0.223643563963,-0.049874026154500005,-0.045735608329
ACH-000746,GSS,Esophagus/Stomach,Esophagogastric Adenocarcinoma,Stomach Adenocarcinoma,,,-0.0639841116715,-0.17928775804000002,-0.26702435627,-0.248113541813,-0.0580264486113
ACH-000485,GSU,Esophagus/Stomach,Esophagogastric Adenocarcinoma,Stomach Adenocarcinoma,,,-0.0649334787182,-0.223579233973,-0.261073666001,0.275539238061,0.0535926205167
ACH-000579,UACC257,Skin,Melanoma,Melanoma,,,0.0705549678845,-0.439520489002,-0.0357085073397,0.6162790058959999,-0.050856293995599995
ACH-000899,WM88,Skin,Melanoma,Melanoma,,,-0.13869851708,-0.349837357978,-0.045921934370300004,1.1322039807100002,0.049504926018500005
